{"cameraMode":{"drawMode":0,"name":"Shaded","section":"Shading Mode"},"sceneLighting":true,"audioPlay":false,"sceneViewState":{"showFog":true,"showMaterialUpdate":false,"showSkybox":true,"showFlares":true,"showImageEffects":true,"showParticleSystems":true},"in2DMode":false,"pivot":{"x":0.7412802577018738,"y":-0.773393988609314,"z":-2.268803119659424},"rotation":{"x":0.20992083847522736,"y":-0.0073328097350895409,"z":0.00157443608622998,"w":0.9776896238327026},"size":7.725637912750244,"orthographic":false}